timestamp ,error ,pid ,requestby 
Thu Nov 16 10:08:19.742213 2023,php7:notice,pid 32649,client 10.222.130.57:63171
Thu Nov 16 10:08:19.742320 2023,php7:notice,pid 32649,client 10.222.130.57:63171
Thu Nov 16 10:08:19.742362 2023,php7:notice,pid 32649,client 10.222.130.57:63171
Thu Nov 16 10:08:19.742393 2023,php7:notice,pid 32649,client 10.222.130.57:63171
Thu Nov 16 10:08:19.742420 2023,php7:notice,pid 32649,client 10.222.130.57:63171
Thu Nov 16 10:09:18.514839 2023,php7:notice,pid 32648,client 10.222.130.57:63175
Thu Nov 16 10:09:18.514991 2023,php7:notice,pid 32648,client 10.222.130.57:63175
Thu Nov 16 10:09:18.515030 2023,php7:notice,pid 32648,client 10.222.130.57:63175
Thu Nov 16 10:09:18.515066 2023,php7:notice,pid 32648,client 10.222.130.57:63175
Thu Nov 16 10:09:18.515097 2023,php7:notice,pid 32648,client 10.222.130.57:63175
Thu Nov 16 10:09:18.600215 2023,php7:warn,pid 32648,client 10.222.130.57:63175
Thu Nov 16 13:08:13.667304 2023,php7:notice,pid 7244,client 10.82.203.32:50531
Thu Nov 16 13:08:20.044035 2023,php7:notice,pid 7244,client 10.82.203.32:50531
Thu Nov 16 13:08:26.297525 2023,php7:notice,pid 7244,client 10.82.203.32:50531
Thu Nov 16 13:08:33.560766 2023,php7:notice,pid 7244,client 10.82.203.32:50531
Thu Nov 16 13:16:25.071744 2023,php7:notice,pid 27766,client 10.82.191.157:49153
Thu Nov 16 13:16:25.071823 2023,php7:notice,pid 27766,client 10.82.191.157:49153
Thu Nov 16 13:16:25.071853 2023,php7:notice,pid 27766,client 10.82.191.157:49153
Thu Nov 16 13:16:25.071878 2023,php7:notice,pid 27766,client 10.82.191.157:49153
Thu Nov 16 13:16:25.071904 2023,php7:notice,pid 27766,client 10.82.191.157:49153
Thu Nov 16 13:16:25.155260 2023,php7:warn,pid 27766,client 10.82.191.157:49153
Thu Nov 16 13:30:44.927287 2023,php7:notice,pid 27764,client 10.82.191.157:49221
Thu Nov 16 13:30:44.927337 2023,php7:notice,pid 27764,client 10.82.191.157:49221
Thu Nov 16 13:30:44.927352 2023,php7:notice,pid 27764,client 10.82.191.157:49221
Thu Nov 16 13:30:44.927365 2023,php7:notice,pid 27764,client 10.82.191.157:49221
Thu Nov 16 13:30:44.927377 2023,php7:notice,pid 27764,client 10.82.191.157:49221
Thu Nov 16 13:30:45.005014 2023,php7:warn,pid 27764,client 10.82.191.157:49221
Thu Nov 16 13:30:45.005053 2023,php7:notice,pid 27764,client 10.82.191.157:49221
Thu Nov 16 13:36:06.893834 2023,php7:notice,pid 31738,client 10.82.191.157:49246
Thu Nov 16 13:36:06.893869 2023,php7:notice,pid 31738,client 10.82.191.157:49246
Thu Nov 16 13:36:06.893883 2023,php7:notice,pid 31738,client 10.82.191.157:49246
Thu Nov 16 13:36:06.893908 2023,php7:notice,pid 31738,client 10.82.191.157:49246
Thu Nov 16 13:36:06.893920 2023,php7:notice,pid 31738,client 10.82.191.157:49246
Thu Nov 16 13:36:06.971051 2023,php7:warn,pid 31738,client 10.82.191.157:49246
Thu Nov 16 13:36:06.971079 2023,php7:notice,pid 31738,client 10.82.191.157:49246
Thu Nov 16 13:43:14.919622 2023,php7:error,pid 6364,client 10.82.191.157:49320
Thu Nov 16 13:43:26.691413 2023,php7:error,pid 27766,client 10.82.191.157:49323
Thu Nov 16 13:43:30.149458 2023,php7:error,pid 6365,client 10.82.191.157:49324
Thu Nov 16 13:43:45.578280 2023,php7:error,pid 27764,client 10.82.191.157:49325
Thu Nov 16 13:43:46.240913 2023,php7:error,pid 2200,client 10.82.191.157:49326
Thu Nov 16 13:43:46.549353 2023,php7:error,pid 31738,client 10.82.191.157:49327
Thu Nov 16 13:43:47.285235 2023,php7:error,pid 435,client 10.82.191.157:49328
Thu Nov 16 13:44:34.558971 2023,php7:error,pid 2200,client 10.82.191.157:49331
Thu Nov 16 13:47:23.800719 2023,php7:error,pid 7244,client 10.82.191.157:49355
Thu Nov 16 14:27:55.381682 2023,php7:notice,pid 27764,client 10.82.191.157:50302
Thu Nov 16 14:27:55.381766 2023,php7:notice,pid 27764,client 10.82.191.157:50302
Thu Nov 16 14:27:55.381817 2023,php7:notice,pid 27764,client 10.82.191.157:50302
Thu Nov 16 14:27:55.381844 2023,php7:notice,pid 27764,client 10.82.191.157:50302
Thu Nov 16 14:27:55.381869 2023,php7:notice,pid 27764,client 10.82.191.157:50302
Thu Nov 16 14:27:55.466682 2023,php7:warn,pid 27764,client 10.82.191.157:50302
Thu Nov 16 14:27:55.466715 2023,php7:notice,pid 27764,client 10.82.191.157:50302
Thu Nov 16 14:31:15.804289 2023,php7:notice,pid 27764,client 10.82.191.157:50343
Thu Nov 16 14:31:15.804345 2023,php7:notice,pid 27764,client 10.82.191.157:50343
Thu Nov 16 14:31:15.804374 2023,php7:notice,pid 27764,client 10.82.191.157:50343
Thu Nov 16 14:31:15.804396 2023,php7:notice,pid 27764,client 10.82.191.157:50343
Thu Nov 16 14:31:15.804415 2023,php7:notice,pid 27764,client 10.82.191.157:50343
Thu Nov 16 14:31:15.890454 2023,php7:warn,pid 27764,client 10.82.191.157:50343
Thu Nov 16 14:33:57.433335 2023,php7:notice,pid 6365,client 10.82.191.157:50385
Thu Nov 16 14:33:57.433435 2023,php7:notice,pid 6365,client 10.82.191.157:50385
Thu Nov 16 14:33:57.433479 2023,php7:notice,pid 6365,client 10.82.191.157:50385
Thu Nov 16 14:33:57.433514 2023,php7:notice,pid 6365,client 10.82.191.157:50385
Thu Nov 16 14:33:57.433548 2023,php7:notice,pid 6365,client 10.82.191.157:50385
Thu Nov 16 14:33:57.525832 2023,php7:warn,pid 6365,client 10.82.191.157:50385
Thu Nov 16 16:08:19.262537 2023,php7:notice,pid 27766,client 10.82.191.157:52536
Thu Nov 16 16:08:19.262589 2023,php7:notice,pid 27766,client 10.82.191.157:52536
Thu Nov 16 16:08:19.262602 2023,php7:notice,pid 27766,client 10.82.191.157:52536
Thu Nov 16 16:08:40.984551 2023,php7:error,pid 16592,client 10.82.191.157:52545
Thu Nov 16 16:52:17.042946 2023,php7:error,pid 16592,client 10.82.191.157:52911
Thu Nov 16 19:13:22.558586 2023,php7:notice,pid 2412,client 10.82.191.157:54236
Thu Nov 16 19:13:22.558644 2023,php7:notice,pid 2412,client 10.82.191.157:54236
Thu Nov 16 19:13:22.558673 2023,php7:notice,pid 2412,client 10.82.191.157:54236
Thu Nov 16 19:13:22.558710 2023,php7:notice,pid 2412,client 10.82.191.157:54236
Thu Nov 16 19:13:22.558745 2023,php7:notice,pid 2412,client 10.82.191.157:54236
Thu Nov 16 19:14:30.997134 2023,php7:notice,pid 25516,client 10.82.191.157:54241
Thu Nov 16 19:24:06.524060 2023,php7:error,pid 27764,client 10.82.191.157:54270
Thu Nov 16 19:25:57.736521 2023,php7:notice,pid 15471,client 10.82.191.157:54284
Thu Nov 16 19:29:28.420362 2023,php7:notice,pid 18346,client 10.82.191.157:54298
Thu Nov 16 19:36:35.624926 2023,php7:notice,pid 27764,client 10.82.191.157:54361
Thu Nov 16 19:36:35.625029 2023,php7:notice,pid 27764,client 10.82.191.157:54361
Thu Nov 16 19:36:43.441534 2023,php7:notice,pid 27764,client 10.82.191.157:54361
Thu Nov 16 19:36:43.441615 2023,php7:notice,pid 27764,client 10.82.191.157:54361
Thu Nov 16 19:37:52.448984 2023,php7:notice,pid 11509,client 10.82.191.157:54366
Thu Nov 16 19:37:52.449084 2023,php7:notice,pid 11509,client 10.82.191.157:54366
Thu Nov 16 19:44:57.666703 2023,php7:notice,pid 7999,client 10.82.191.157:54414
Thu Nov 16 19:44:57.666752 2023,php7:warn,pid 7999,client 10.82.191.157:54414
Thu Nov 16 19:45:39.496993 2023,php7:notice,pid 18346,client 10.82.191.157:54413
Thu Nov 16 19:45:39.497061 2023,php7:notice,pid 18346,client 10.82.191.157:54413
Thu Nov 16 19:45:39.497091 2023,php7:notice,pid 18346,client 10.82.191.157:54413
Thu Nov 16 19:45:39.497125 2023,php7:warn,pid 18346,client 10.82.191.157:54413
Thu Nov 16 19:45:39.497157 2023,php7:warn,pid 18346,client 10.82.191.157:54413
Thu Nov 16 19:45:39.497205 2023,php7:warn,pid 18346,client 10.82.191.157:54413
Thu Nov 16 19:45:39.497235 2023,php7:warn,pid 18346,client 10.82.191.157:54413
Thu Nov 16 19:45:39.497263 2023,php7:warn,pid 18346,client 10.82.191.157:54413
Thu Nov 16 19:45:39.497292 2023,php7:warn,pid 18346,client 10.82.191.157:54413
Thu Nov 16 19:45:39.497344 2023,php7:warn,pid 18346,client 10.82.191.157:54413
Thu Nov 16 19:45:39.497372 2023,php7:notice,pid 18346,client 10.82.191.157:54413
Thu Nov 16 19:45:39.497399 2023,php7:warn,pid 18346,client 10.82.191.157:54413
Thu Nov 16 19:45:45.974884 2023,php7:notice,pid 18346,client 10.82.191.157:54413
Thu Nov 16 19:45:45.974957 2023,php7:notice,pid 18346,client 10.82.191.157:54413
Thu Nov 16 19:45:45.974987 2023,php7:notice,pid 18346,client 10.82.191.157:54413
Thu Nov 16 19:45:45.975030 2023,php7:warn,pid 18346,client 10.82.191.157:54413
Thu Nov 16 19:45:45.975072 2023,php7:warn,pid 18346,client 10.82.191.157:54413
Thu Nov 16 19:45:45.975107 2023,php7:warn,pid 18346,client 10.82.191.157:54413
Thu Nov 16 19:45:45.975136 2023,php7:warn,pid 18346,client 10.82.191.157:54413
Thu Nov 16 19:45:45.975164 2023,php7:warn,pid 18346,client 10.82.191.157:54413
Thu Nov 16 19:45:45.975192 2023,php7:warn,pid 18346,client 10.82.191.157:54413
Thu Nov 16 19:45:45.975221 2023,php7:warn,pid 18346,client 10.82.191.157:54413
Thu Nov 16 19:45:45.975296 2023,php7:notice,pid 18346,client 10.82.191.157:54413
Thu Nov 16 19:45:45.975346 2023,php7:warn,pid 18346,client 10.82.191.157:54413
Thu Nov 16 19:47:22.358680 2023,php7:notice,pid 8000,client 10.82.191.157:54444
Thu Nov 16 19:47:22.358786 2023,php7:notice,pid 8000,client 10.82.191.157:54444
Thu Nov 16 19:47:22.358821 2023,php7:notice,pid 8000,client 10.82.191.157:54444
Thu Nov 16 19:47:22.358860 2023,php7:warn,pid 8000,client 10.82.191.157:54444
Thu Nov 16 19:47:22.358896 2023,php7:warn,pid 8000,client 10.82.191.157:54444
Thu Nov 16 19:47:22.358930 2023,php7:warn,pid 8000,client 10.82.191.157:54444
Thu Nov 16 19:47:22.358963 2023,php7:warn,pid 8000,client 10.82.191.157:54444
Thu Nov 16 19:47:22.358996 2023,php7:warn,pid 8000,client 10.82.191.157:54444
Thu Nov 16 19:47:22.359028 2023,php7:warn,pid 8000,client 10.82.191.157:54444
Thu Nov 16 19:47:22.359063 2023,php7:warn,pid 8000,client 10.82.191.157:54444
Thu Nov 16 19:47:22.359094 2023,php7:notice,pid 8000,client 10.82.191.157:54444
Thu Nov 16 19:47:22.359126 2023,php7:warn,pid 8000,client 10.82.191.157:54444
Thu Nov 16 19:51:41.233523 2023,php7:notice,pid 23662,client 10.82.191.157:54496
Thu Nov 16 20:00:57.706956 2023,php7:notice,pid 26712,client 10.82.191.157:54607
Thu Nov 16 20:00:57.790736 2023,php7:warn,pid 26712,client 10.82.191.157:54607
Thu Nov 16 20:14:19.446952 2023,php7:notice,pid 28046,client 10.82.191.157:54748
Thu Nov 16 20:44:07.370867 2023,php7:notice,pid 2412,client 10.82.191.157:55294
Thu Nov 16 20:44:40.122190 2023,php7:notice,pid 3956,client 10.82.191.157:55293
Thu Nov 16 20:46:37.942817 2023,php7:notice,pid 4193,client 10.82.191.157:55330
Thu Nov 16 22:42:39.038670 2023,php7:notice,pid 15006,client 10.82.191.157:57926
Thu Nov 16 22:51:47.205998 2023,php7:notice,pid 16547,client 10.82.191.157:58027
Thu Nov 16 23:00:22.468266 2023,php7:notice,pid 18015,client 10.82.191.157:58120
Thu Nov 16 23:02:40.083265 2023,php7:notice,pid 17855,client 10.82.191.157:58157
Thu Nov 16 23:04:19.101737 2023,php7:notice,pid 10499,client 10.82.191.157:58169
Thu Nov 16 23:04:33.537958 2023,php7:notice,pid 10499,client 10.82.191.157:58169
Thu Nov 16 23:06:46.101615 2023,php7:notice,pid 18251,client 10.82.191.157:58212
Thu Nov 16 23:11:32.328615 2023,php7:notice,pid 18252,client 10.82.191.157:58274
Thu Nov 16 23:15:30.517399 2023,php7:notice,pid 16547,client 10.82.191.157:58324
Thu Nov 16 23:16:55.979777 2023,php7:notice,pid 16547,client 10.82.191.157:58352
Thu Nov 16 23:19:43.409956 2023,php7:notice,pid 18251,client 10.82.191.157:58377
Thu Nov 16 23:19:45.784276 2023,php7:error,pid 18251,client 10.82.191.157:58377
Thu Nov 16 23:19:48.290627 2023,php7:error,pid 23616,client 10.82.191.157:58376
Thu Nov 16 23:20:11.001935 2023,php7:error,pid 23616,client 10.82.191.157:58403
Thu Nov 16 23:20:12.330581 2023,php7:error,pid 10499,client 10.82.191.157:58404
Thu Nov 16 23:21:43.235720 2023,php7:notice,pid 15006,client 10.82.191.157:58422
Thu Nov 16 23:21:53.920082 2023,php7:error,pid 15006,client 10.82.191.157:58422
Thu Nov 16 23:24:53.519675 2023,php7:notice,pid 18251,client 10.82.191.157:58468
Thu Nov 16 23:24:55.921781 2023,php7:notice,pid 18251,client 10.82.191.157:58468
Thu Nov 16 23:25:41.928424 2023,php7:notice,pid 18015,client 10.82.191.157:58488
Thu Nov 16 23:25:54.130098 2023,php7:notice,pid 18015,client 10.82.191.157:58488
Thu Nov 16 23:25:56.055884 2023,php7:notice,pid 18015,client 10.82.191.157:58488
Thu Nov 16 23:29:25.546315 2023,php7:notice,pid 17855,client 10.82.191.157:58524
Thu Nov 16 23:29:36.529944 2023,php7:notice,pid 17855,client 10.82.191.157:58524
Thu Nov 16 23:30:02.099419 2023,php7:notice,pid 5740,client 10.82.191.157:58539
Thu Nov 16 23:30:02.099514 2023,php7:notice,pid 5740,client 10.82.191.157:58539
Thu Nov 16 23:35:29.827357 2023,php7:notice,pid 10499,client 10.82.191.157:58582
Thu Nov 16 23:35:32.472961 2023,php7:notice,pid 10499,client 10.82.191.157:58582
Thu Nov 16 23:35:32.473038 2023,php7:notice,pid 10499,client 10.82.191.157:58582
Thu Nov 16 23:35:32.473103 2023,php7:notice,pid 10499,client 10.82.191.157:58582
Thu Nov 16 23:35:43.137889 2023,php7:notice,pid 10499,client 10.82.191.157:58582
Thu Nov 16 23:35:44.767009 2023,php7:warn,pid 10499,client 10.82.191.157:58582
Thu Nov 16 23:36:51.665855 2023,php7:notice,pid 23616,client 10.82.191.157:58600
Thu Nov 16 23:36:53.748022 2023,php7:notice,pid 23616,client 10.82.191.157:58600
Thu Nov 16 23:40:08.380618 2023,php7:notice,pid 17857,client 10.82.191.157:58629
Thu Nov 16 23:40:09.746907 2023,php7:notice,pid 17857,client 10.82.191.157:58629
Thu Nov 16 23:42:12.228801 2023,php7:notice,pid 5132,client 10.82.191.157:58642
Thu Nov 16 23:42:14.609047 2023,php7:warn,pid 5132,client 10.82.191.157:58642
Thu Nov 16 23:44:57.410607 2023,php7:notice,pid 18252,client 10.82.191.157:58706
Thu Nov 16 23:44:58.783181 2023,php7:notice,pid 18252,client 10.82.191.157:58706
Thu Nov 16 23:44:58.783326 2023,php7:notice,pid 18252,client 10.82.191.157:58706
Thu Nov 16 23:49:50.942144 2023,php7:notice,pid 13293,client 10.82.191.157:58756
Tue Nov 21 18:08:05.283374 2023,php7:notice,pid 20150,client 10.82.188.62:50886
Tue Nov 21 18:08:21.105019 2023,php7:notice,pid 20150,client 10.82.188.62:50886
Tue Nov 21 18:08:29.783455 2023,php7:notice,pid 20150,client 10.82.188.62:50886
Tue Nov 21 18:08:31.730980 2023,php7:warn,pid 20150,client 10.82.188.62:50886
